name,group,language,youtube,logo,updated
üî¥Live Z101,,,channel/UCucu9XccNzF4BPOweW0RD5w,https://yt3.ggpht.com/ta4WXjr-BBKfkZvX4Bh_JazfSao9MOs_SPAj5BFusDNuTilEpysuh8GapMPGmF4xIKl7DPNx4A,
 dsasdsw,,,channel/UCmozfmAhaeuNxcaAa92gn1Q
106sasa2madradio,,,channel/UCx2PGrMyLVyUl9rte_JqWlw
10TV News Telugu,News India,Telugu,channel/UCfymZbh17_3T_UhgjkQ9fRQ,https://yt3.ggpht.com/6TgxEDCRlNcbfNSQj7DtfyHFurPnYYlYCv-8ggyh4hXcclWOZ2otMSSHjWzZepcOimjIGGH8eA,2023-07-15T20:00:45.667Z
01,,,channel/UCJ6PZBK3kOYKBLmvKwdI1gg
02,,,channel/UCJHlVK_71moyqcVmpaX8IIg
tairat,,,channel/UCrFDdD-EE05N7gjwZho2wqw,https://yt3.ggpht.com/x3_2K7uOfrAKgoPE1o0vsUWTYoWDk3NjiIRFdm8iPQ16prR3kvGXbaBAWph52rH-TZQkJ5g4P9Y,2024-01-24T13:00:51.376Z
hon,,,channel/UCXm0bpjlfB0AF-ZdPhT0K1A,https://yt3.ggpht.com/x3_2K7uOfrAKgoPE1o0vsUWTYoWDk3NjiIRFdm8iPQ16prR3kvGXbaBAWph52rH-TZQkJ5g4P9Y,2024-01-24T13:00:51.376Z‡∏Å
naton,,,channel/UCJ6PZBK3kOYKBLmvKwdI1gg,https://yt3.ggpht.com/x3_2K7uOfrAKgoPE1o0vsUWTYoWDk3NjiIRFdm8iPQ16prR3kvGXbaBAWph52rH-TZQkJ5g4P9Y,2024-01-24T13:00:51.376Z
khugyreyuhu,,,channel/UCqUBA96OsqMgSFvTwLXY9yw
ttrsfdre4ywu90w7e87sdfyrt6t9,,,channel/UCTP5z0kFg6-nPcZ79gTC67Q
sewee4ywu90w7e87sdfyrt6t9,,,channel/UCirZPTc9IoKM_DsA9aKbc4g
232sd,,,channel/UC7FCQJFK1sfwD_uobB45Xng
